Snc̃R[h,nR[h,nc̖,N,n於,l,j,,0-4΂̒j,0-4΂̏,5-9΂̒j,5-9΂̏,10-14΂̒j,10-14΂̏,15-19΂̒j,15-19΂̏,20-24΂̒j,20-24΂̏,25-29΂̒j,25-29΂̏,30-34΂̒j,30-34΂̏,35-39΂̒j,35-39΂̏,40-44΂̒j,40-44΂̏,45-49΂̒j,45-49΂̏,50-54΂̒j,50-54΂̏,55-59΂̒j,55-59΂̏,60-64΂̒j,60-64΂̏,65-69΂̒j,65-69΂̏,70-74΂̒j,70-74΂̏,75-79΂̒j,75-79΂̏,80-84΂̒j,80-84΂̏,85Έȏ̒j,85Έȏ̏,ѐ,l
122033,101001,ss,45016,{1,632,311,321,12,12,6,14,7,7,15,5,26,39,21,18,21,15,29,16,18,18,20,13,21,13,20,15,12,16,11,16,30,28,15,31,15,19,12,26,363,
122033,101002,ss,45016,{2,192,101,91,4,7,6,2,3,5,6,3,8,9,23,15,12,11,7,1,3,4,2,3,3,5,1,5,3,5,2,2,9,4,5,4,3,3,1,3,116,
122033,101003,ss,45016,{3,1215,594,621,27,32,31,26,20,30,33,27,27,31,25,22,30,32,32,30,38,41,60,44,45,40,41,42,45,42,32,36,35,41,32,39,25,29,16,37,544,
122033,101004,ss,45016,{4,1045,530,515,21,24,37,21,18,23,34,23,26,20,26,15,15,25,45,36,38,40,43,40,37,41,30,27,28,24,24,27,39,45,29,29,20,26,20,29,477,
122033,101005,ss,45016,{5,1752,835,917,18,34,34,26,47,33,44,55,50,64,39,47,48,38,45,37,36,41,70,68,88,85,57,61,60,58,43,47,50,39,42,63,38,48,26,73,812,
122033,101006,ss,45016,{6,814,384,430,8,14,9,13,13,11,18,14,17,15,18,18,22,17,19,18,25,29,27,24,25,30,36,40,45,20,17,26,22,32,21,32,14,20,28,57,418,
122033,102001,ss,45016,s1,4433,2106,2327,118,112,94,107,59,74,61,49,126,115,221,212,175,208,210,223,194,212,168,182,165,174,126,135,91,87,55,74,86,111,80,85,46,70,31,97,2657,
122033,102002,ss,45016,s2,3366,1661,1705,57,71,49,41,38,43,38,41,90,108,220,206,218,162,123,145,136,119,132,113,110,119,78,84,82,83,72,69,70,71,61,89,51,56,36,85,2081,
122033,102003,ss,45016,s3,3547,1710,1837,56,50,45,54,60,52,46,71,112,132,155,133,131,122,119,124,124,122,113,104,133,141,109,110,98,95,93,94,115,119,83,106,68,93,50,115,2083,
122033,102004,ss,45016,s4,1406,681,725,23,37,25,24,17,24,23,29,53,32,49,35,58,55,54,65,52,41,51,35,45,58,41,41,39,45,40,38,39,47,33,35,19,28,20,56,772,
122033,103001,ss,45016,s1,4557,2168,2389,96,94,88,100,73,97,75,80,82,94,159,153,161,154,155,148,183,172,225,237,185,213,154,160,127,105,104,112,94,115,75,110,62,99,70,146,2521,
122033,103002,ss,45016,s2,2379,1168,1211,63,56,36,45,45,53,41,44,69,49,71,73,93,104,94,90,94,76,87,90,109,112,86,92,74,65,60,54,56,55,38,57,30,45,22,51,1206,
122033,103003,ss,45016,s3,6459,3145,3314,93,77,135,116,114,99,129,113,203,189,234,229,181,174,188,187,216,210,222,233,291,304,259,284,208,199,143,159,182,230,164,193,103,147,80,171,3388,
122033,103004,ss,45016,s4,3005,1606,1399,76,75,65,56,40,41,54,34,108,90,163,140,172,140,154,133,139,101,130,90,126,103,104,75,56,48,41,39,57,51,59,72,33,51,29,60,1687,
122033,103005,ss,45016,s5,326,175,151,14,5,6,3,5,5,1,4,2,6,9,10,22,18,22,13,15,12,16,4,8,12,16,7,11,10,7,5,7,13,8,6,1,7,5,11,187,
122033,104001,ss,45016,^1,2090,1020,1070,36,40,58,58,44,48,35,33,70,60,83,83,80,71,89,93,81,80,91,90,65,66,75,70,47,48,36,42,47,53,38,46,26,43,19,46,1131,
122033,104002,ss,45016,^2,1769,876,893,18,23,21,26,33,25,23,19,70,60,80,69,53,60,66,53,52,46,66,52,73,64,61,52,51,60,40,49,47,64,56,53,37,56,29,62,1011,
122033,104003,ss,45016,^3,1012,488,524,20,13,17,13,26,18,14,13,32,28,40,30,36,24,30,27,29,36,32,34,31,42,26,26,32,38,36,23,25,36,20,37,18,30,24,56,556,
122033,104004,ss,45016,^4,1082,530,552,11,14,20,13,25,16,20,22,38,25,33,30,25,24,32,24,39,36,31,32,51,55,42,43,41,28,28,29,15,34,30,54,32,34,17,39,587,
122033,104005,ss,45016,^5,1803,890,913,40,50,50,60,44,46,38,38,31,31,50,30,74,52,63,62,77,58,77,70,50,73,55,52,51,41,42,47,44,45,37,46,31,61,36,51,839,
122033,105001,ss,45016,Vc1,1854,887,967,30,30,32,35,22,42,27,25,48,49,95,88,83,72,70,67,57,53,60,75,58,64,65,47,58,54,45,42,43,51,30,62,40,43,24,68,989,
122033,105002,ss,45016,Vc2,3697,1911,1786,70,69,63,63,56,54,63,56,131,109,183,172,225,159,160,134,150,123,165,114,133,131,100,109,92,91,74,60,83,78,76,95,40,73,47,96,2144,
122033,105003,ss,45016,Vc3,3885,1961,1924,101,75,83,105,83,71,63,69,113,103,141,145,162,167,157,143,164,139,163,133,141,134,163,123,92,77,74,70,78,100,65,88,62,94,56,88,1976,
122033,105004,ss,45016,Vc4,2540,1253,1287,56,42,46,48,36,36,33,43,89,57,145,142,105,114,113,79,97,82,108,92,87,101,81,73,67,68,55,54,48,63,44,74,22,43,21,76,1493,
122033,105005,ss,45016,Vc5,2306,1124,1182,35,44,39,31,36,31,28,28,60,54,118,134,123,112,107,99,108,101,104,108,88,93,66,65,46,57,43,36,36,50,36,48,22,42,29,49,1429,
122033,106001,ss,45016,c1,1737,894,843,45,29,25,27,28,20,35,23,45,50,86,82,73,72,66,56,71,55,76,60,63,60,60,51,44,40,40,41,56,42,38,44,24,34,19,57,979,
122033,106002,ss,45016,c2,1233,596,637,19,25,16,24,21,16,23,11,32,30,62,65,77,61,51,60,30,44,38,34,46,43,28,33,33,28,25,23,30,27,27,37,19,29,19,47,742,
122033,106003,ss,45016,c3,3543,1801,1742,95,69,62,59,66,63,72,68,104,92,149,125,153,147,140,131,137,128,145,133,141,157,137,122,103,94,85,73,77,82,62,79,39,54,34,66,1853,
122033,106004,ss,45016,c4,1320,650,670,28,25,23,31,25,19,13,21,30,33,54,46,59,51,52,54,62,42,44,35,53,56,36,47,25,26,25,29,36,38,36,49,25,34,24,34,697,
122033,107001,ss,45016,F1,1875,974,901,34,33,30,32,34,39,42,25,66,41,56,43,55,50,80,68,70,59,65,52,78,70,82,48,63,63,41,37,65,52,44,60,35,60,34,69,988,
122033,107002,ss,45016,F2,1657,833,824,13,16,19,23,29,30,44,32,38,34,50,30,31,39,52,30,48,41,73,73,78,76,75,65,48,41,50,40,44,61,66,70,34,54,41,69,852,
122033,107003,ss,45016,F3,2496,1231,1265,44,50,64,54,71,64,64,72,68,57,62,65,66,52,82,96,101,93,112,123,127,132,98,85,68,64,51,48,57,74,44,44,32,35,20,57,1111,
122033,107004,ss,45016,F4,2235,1116,1119,40,37,42,38,52,46,41,49,77,59,69,87,69,74,85,69,79,71,91,87,110,99,101,79,68,63,55,37,41,50,34,61,31,50,31,63,1143,
122033,108001,ss,45016,ac1,1251,642,609,51,40,32,22,25,18,18,19,33,26,64,57,61,67,62,57,63,40,43,46,52,49,38,28,18,22,17,16,21,23,20,16,14,26,10,37,657,
122033,108002,ss,45016,ac2,1397,710,687,66,48,43,50,33,20,32,25,29,20,35,43,70,59,71,69,58,48,51,44,48,45,38,32,31,26,24,33,29,34,21,39,19,22,12,30,618,
122033,108003,ss,45016,ac3,2366,1217,1149,40,48,44,44,48,43,42,38,60,37,82,76,102,88,82,80,89,74,107,86,113,88,92,74,76,56,42,40,52,64,47,56,56,77,43,80,1201,
122033,108004,ss,45016,ac4,2503,1268,1235,49,45,65,66,61,53,59,48,62,63,84,84,71,59,91,82,105,83,123,105,117,109,83,60,51,54,55,43,64,86,49,79,44,60,35,56,1222,
122033,108005,ss,45016,ac5,1497,776,721,21,23,42,28,40,24,49,36,33,33,39,30,46,38,53,39,61,60,78,62,69,64,52,54,39,37,31,36,51,39,32,51,22,37,18,30,700,
122033,109001,ss,45016,ac1,2420,1287,1133,62,70,38,34,38,29,29,31,101,56,146,113,131,107,122,116,100,71,111,95,112,96,85,58,36,51,49,36,35,41,39,43,31,37,22,49,1368,
122033,109002,ss,45016,ac2,1476,774,702,30,39,31,25,24,18,17,29,40,32,117,60,73,64,62,61,57,43,54,55,45,44,49,45,50,38,32,36,37,41,27,27,15,20,14,25,795,
122033,110001,ss,45016,ז1,1827,901,926,24,44,43,41,38,32,33,41,41,52,61,54,74,73,68,62,63,59,75,63,88,82,71,52,40,32,29,38,40,53,43,58,43,47,27,43,901,
122033,110002,ss,45016,ז2,1589,846,743,44,37,41,44,41,29,31,39,40,35,54,38,63,53,51,45,57,47,92,77,93,68,53,37,46,28,34,27,42,38,27,34,16,30,21,37,745,
122033,110003,ss,45016,ז3,1571,838,733,28,29,43,26,27,19,28,23,51,28,64,60,58,45,69,51,66,47,55,44,62,54,55,48,55,50,51,42,34,40,35,46,31,46,26,35,802,
122033,114001,ss,45016,1,2213,1109,1104,43,31,30,24,22,24,22,35,51,66,115,99,103,93,100,75,95,73,83,77,95,82,62,88,79,76,46,49,56,67,52,48,34,38,21,59,1304,
122033,114002,ss,45016,2,1840,894,946,19,21,20,19,22,23,22,26,74,62,93,97,98,74,64,55,51,60,58,74,92,74,71,74,55,55,30,50,44,57,33,44,30,35,18,46,1160,
122033,114003,ss,45016,3,3788,1781,2007,66,72,78,86,54,66,52,65,87,86,112,157,154,146,159,152,139,142,171,162,157,203,142,122,101,97,75,102,83,93,62,81,49,81,40,94,2067,
122033,114004,ss,45016,4,1705,832,873,17,29,28,26,45,23,35,46,37,51,47,49,57,58,60,38,55,55,62,71,70,76,58,56,54,59,54,34,48,54,46,52,29,38,30,58,887,
122033,114005,ss,45016,5,2043,987,1056,41,36,71,56,39,44,47,50,42,36,45,53,45,41,57,62,80,74,73,80,91,86,78,70,54,51,40,58,63,82,44,54,37,53,40,70,913,
122033,114006,ss,45016,6,2155,1039,1116,43,54,59,60,60,53,55,38,42,34,40,43,51,42,76,81,69,68,71,75,94,86,73,75,68,68,51,60,52,66,48,73,44,68,43,72,930,
122033,115001,ss,45016,씪1,3314,1744,1570,55,68,66,50,45,34,49,47,89,85,216,157,199,152,145,118,113,95,140,113,156,121,111,100,100,81,52,67,87,66,53,65,24,70,44,81,1937,
122033,115002,ss,45016,씪2,2643,1328,1315,54,57,49,60,62,27,47,50,80,50,96,98,101,97,116,93,88,84,107,98,107,103,97,91,68,68,69,73,75,79,44,79,47,51,21,57,1345,
122033,115003,ss,45016,씪3,4230,2162,2068,81,87,91,87,84,62,52,74,133,122,216,170,197,179,177,150,200,177,200,185,194,187,156,145,105,108,75,77,81,78,58,64,36,48,26,68,2431,
122033,115004,ss,45016,씪4,3612,1803,1809,66,75,82,72,59,58,56,50,89,84,177,135,148,161,156,144,179,142,167,164,158,123,103,104,77,107,67,72,75,102,83,76,31,70,30,70,2082,
122033,115005,ss,45016,씪5,3428,1737,1691,52,51,47,29,27,40,50,51,90,106,201,184,158,137,145,111,128,109,122,107,163,179,146,128,107,100,78,73,75,84,64,54,54,68,30,80,2031,
122033,116001,ss,45016,1,1988,935,1053,31,27,38,33,46,34,35,38,60,63,42,60,50,54,57,68,72,54,67,70,84,96,50,55,57,73,51,55,64,78,61,76,39,45,31,74,982,
122033,116002,ss,45016,2,1994,973,1021,43,32,48,59,51,44,40,44,58,66,62,51,53,43,70,66,65,74,83,80,73,77,63,73,61,51,50,48,51,48,44,57,32,48,26,60,943,
122033,116003,ss,45016,3,1072,515,557,25,22,32,28,17,14,20,19,18,34,23,27,23,24,35,32,38,30,35,37,39,40,43,37,28,27,31,34,32,34,38,38,18,29,20,51,471,
122033,116004,ss,45016,4,2335,1115,1220,69,59,59,62,54,54,58,30,61,100,48,68,61,73,82,90,92,83,78,78,75,79,90,99,73,68,58,56,55,51,33,55,35,43,34,72,1025,
122033,116005,ss,45016,5,1980,1034,946,47,34,44,37,41,48,61,46,97,76,95,73,84,59,57,45,54,52,89,78,91,92,72,81,50,58,48,24,33,44,36,29,14,35,21,35,920,
122033,116006,ss,45016,6,1316,646,670,12,17,23,26,38,29,46,43,58,50,38,33,26,25,32,31,33,30,48,60,67,73,65,53,34,40,34,22,29,29,23,32,19,27,21,50,608,
122033,117001,ss,45016,1,2584,1282,1302,55,40,52,50,55,48,68,41,67,69,88,88,87,62,80,81,86,68,102,91,105,103,80,85,72,92,55,78,79,85,64,71,43,61,44,89,1298,
122033,117002,ss,45016,2,2139,1047,1092,41,40,50,51,44,44,60,36,46,44,48,53,75,64,72,81,73,63,79,88,84,86,85,91,58,50,47,47,64,56,52,64,32,56,37,78,984,
122033,117003,ss,45016,3,2892,1389,1503,64,47,68,58,47,65,74,60,59,79,61,55,94,88,100,108,96,82,103,102,132,133,101,100,71,81,68,79,85,105,57,84,57,76,52,101,1338,
122033,117004,ss,45016,4,2475,1214,1261,61,49,68,47,55,62,57,60,57,44,58,53,62,70,79,66,85,89,79,85,108,99,105,89,71,82,57,68,73,68,50,85,46,69,43,76,1092,
122033,117005,ss,45016,5,737,346,391,24,13,18,20,15,19,25,31,24,23,10,11,15,17,22,26,23,26,34,36,35,38,32,33,16,14,16,18,13,19,10,24,10,11,4,12,303,
122033,118001,ss,45016,{v1,3015,1474,1541,39,45,75,76,90,92,74,55,47,72,68,44,67,69,66,91,123,102,141,137,130,124,118,95,80,90,83,75,85,87,74,115,66,85,48,87,1394,
122033,118002,ss,45016,{v2,1431,694,737,32,27,28,35,39,40,29,24,30,31,24,33,31,36,41,49,69,66,65,44,70,54,35,44,39,32,37,29,42,49,32,39,26,46,25,59,683,
122033,118003,ss,45016,{v3,3284,1631,1653,70,48,85,58,79,77,65,80,81,73,89,82,81,77,104,104,110,117,135,140,164,150,114,100,88,81,79,68,88,119,77,90,61,97,61,92,1528,
122033,118004,ss,45016,{v4,1273,647,626,25,21,28,23,35,29,29,18,35,32,34,32,33,27,39,36,52,44,53,38,55,42,39,39,30,34,32,45,40,34,41,55,19,38,28,39,551,
122033,118005,ss,45016,{v5,1848,890,958,39,31,35,39,48,31,42,37,44,52,32,44,37,36,49,51,52,56,79,68,104,87,61,57,51,54,50,55,49,75,57,72,41,62,20,51,800,
122033,118006,ss,45016,{v6,1573,773,800,21,24,39,25,43,37,43,43,38,47,29,35,31,27,40,41,59,47,66,58,70,66,66,52,41,47,40,43,43,49,40,67,37,52,27,40,665,
122033,119001,ss,45016,Sz1,1485,743,742,18,25,21,31,25,23,32,27,45,46,74,63,53,47,56,52,61,47,56,46,53,51,43,46,47,40,29,40,53,42,32,34,21,36,24,46,834,
122033,119002,ss,45016,Sz2,1652,785,867,30,38,32,38,16,30,28,28,42,52,63,72,74,75,77,64,54,66,77,67,79,53,48,43,32,39,26,29,37,49,30,35,22,24,18,65,927,
122033,120001,ss,45016,S1,1271,656,615,28,23,25,28,25,30,22,22,66,42,65,49,47,55,41,46,58,32,47,58,62,57,46,38,28,28,26,25,25,30,22,19,13,14,10,19,627,
122033,120002,ss,45016,S2,5449,2628,2821,95,112,117,116,98,92,98,88,136,144,186,194,160,177,175,172,225,197,201,194,227,203,177,200,163,140,104,115,170,157,109,198,96,140,91,182,2901,
122033,120003,ss,45016,S3,4772,2347,2425,66,73,81,75,116,88,121,115,139,163,141,136,133,122,123,121,156,149,178,174,222,280,243,203,178,172,130,123,120,141,97,121,60,68,43,101,2191,
122033,120004,ss,45016,S4,1148,566,582,13,16,17,15,23,13,26,37,48,63,47,43,30,36,30,23,27,32,40,28,50,77,84,76,51,38,31,27,23,28,14,8,6,10,6,12,465,
122033,121000,ss,45016,ΐ_,1895,966,929,34,32,24,29,18,28,32,27,60,51,83,74,74,77,70,64,69,50,75,57,77,76,76,62,69,60,57,43,60,57,43,48,24,32,21,62,1079,
122033,122001,ss,45016,R1,1482,769,713,31,31,32,48,37,35,28,32,48,31,52,29,42,34,57,42,49,42,65,50,56,49,56,65,55,41,45,37,46,42,25,40,24,27,21,38,667,
122033,122002,ss,45016,R2,920,464,456,13,13,13,15,24,18,23,26,26,18,14,14,18,14,21,28,31,22,43,30,43,43,34,26,27,23,26,32,40,38,30,39,22,18,16,39,457,
122033,122003,ss,45016,R3,937,475,462,13,11,20,18,19,21,21,13,26,28,36,27,31,20,16,29,40,35,38,27,51,38,32,28,21,27,32,22,27,30,23,30,15,31,14,27,481,
122033,122004,ss,45016,R4,1146,556,590,19,17,8,10,13,19,18,20,29,30,51,61,55,49,39,41,44,32,42,39,51,47,38,35,30,41,24,27,23,28,33,34,17,22,22,38,651,
122033,123001,ss,45016,{1,1095,549,546,20,29,24,21,24,21,18,20,30,22,30,41,37,36,42,38,47,34,41,36,52,38,35,23,24,32,30,21,36,41,24,32,21,28,14,33,543,
122033,123002,ss,45016,{2,1903,949,954,48,61,51,57,52,41,34,48,46,40,53,46,75,61,74,73,74,67,77,66,86,72,70,53,33,38,42,36,46,45,34,46,31,54,23,50,839,
122033,123003,ss,45016,{3,3377,1677,1700,56,48,71,71,86,71,59,65,77,74,66,77,70,61,81,89,120,118,141,127,154,132,112,90,87,101,91,90,113,117,105,145,90,102,98,122,1545,
122033,124001,ss,45016,k1,1655,817,838,30,33,35,29,39,26,32,29,37,51,55,58,74,55,56,53,60,50,62,59,57,63,62,64,53,46,31,40,38,47,37,41,27,40,32,54,839,
122033,124002,ss,45016,k2,2491,1190,1301,64,63,61,68,48,47,45,62,65,61,71,80,88,79,89,88,91,83,104,76,91,116,75,83,66,58,68,66,54,66,42,58,34,63,34,84,1176,
122033,124003,ss,45016,k3,2084,1060,1024,49,41,35,37,30,40,44,36,81,65,70,74,80,81,85,58,65,56,73,64,88,79,86,88,77,69,55,41,50,49,42,54,24,40,26,52,994,
122033,125001,ss,45016,{k1,3134,1569,1565,70,67,81,70,60,58,73,80,122,101,87,100,95,76,95,92,101,86,104,111,160,144,135,137,97,73,74,68,55,75,56,71,50,80,54,76,1326,
122033,125002,ss,45016,{k2,2601,1248,1353,38,46,55,63,52,62,53,57,57,74,58,52,61,66,69,67,83,80,132,90,112,114,103,94,68,71,47,67,75,98,73,85,49,80,63,87,1237,
122033,125003,ss,45016,{k3,1751,852,899,20,24,48,33,61,55,59,58,46,61,31,30,35,36,62,34,58,50,65,79,75,72,68,44,40,37,31,35,37,58,45,65,34,56,37,72,763,
122033,133004,ss,45016,k4,5731,2818,2913,119,119,127,132,134,121,135,111,135,150,162,176,194,178,182,172,193,169,245,208,240,238,194,193,170,169,131,147,171,190,125,181,101,136,60,123,2577,
122033,134001,ss,45016,1,1403,676,727,18,26,13,20,28,32,30,23,33,29,34,39,26,33,34,26,52,45,59,62,72,56,41,49,37,41,33,35,53,56,47,69,37,44,29,42,649,
122033,134002,ss,45016,2,1425,694,731,39,30,48,47,33,36,31,39,28,20,21,27,40,51,55,53,65,60,57,52,55,45,42,32,34,41,23,32,41,52,32,38,27,38,23,38,624,
122033,134003,ss,45016,3,1574,773,801,30,30,45,28,42,37,37,42,44,37,37,36,27,35,41,41,62,53,72,63,63,57,60,59,33,37,38,38,45,76,40,42,39,41,18,49,655,
122033,134004,ss,45016,4,963,461,502,24,17,26,23,18,15,21,21,19,33,29,28,23,19,31,32,30,31,41,35,33,34,22,28,34,38,27,24,26,39,30,24,10,35,17,26,432,
122033,134005,ss,45016,5,728,363,365,14,17,20,13,17,10,23,29,20,15,18,15,9,15,30,23,29,20,27,37,32,30,27,22,14,21,17,14,14,17,19,28,20,18,13,21,311,
122033,134006,ss,45016,6,271,131,140,3,6,12,8,6,6,5,4,7,8,11,6,7,8,7,8,9,13,15,7,7,10,9,10,4,4,10,9,8,8,5,11,4,7,2,7,115,
122033,134007,ss,45016,7,245,130,115,6,3,1,3,5,5,6,3,7,4,6,7,7,4,8,5,8,5,10,9,7,6,5,4,8,5,9,10,7,8,16,16,7,7,7,11,122,
122033,135001,ss,45016,1,1022,501,521,15,11,28,26,29,26,44,33,23,22,14,27,19,23,25,29,32,26,35,40,62,47,35,30,17,17,19,18,27,24,22,53,29,34,26,35,424,
122033,135002,ss,45016,2,1175,557,618,24,26,31,20,20,25,38,44,27,39,27,25,21,29,41,29,36,31,37,42,54,50,38,38,26,37,27,26,36,42,28,45,28,42,18,28,507,
122033,135003,ss,45016,3,1649,824,825,26,15,41,33,51,51,52,47,62,25,26,36,26,34,30,37,61,52,62,72,95,72,38,55,47,52,34,28,41,71,52,52,41,48,39,45,700,
122033,135004,ss,45016,4,1548,763,785,41,38,40,31,40,36,44,43,37,32,27,24,44,45,38,46,54,50,51,50,64,62,63,52,47,43,41,38,39,48,37,42,31,40,25,65,648,
122033,135005,ss,45016,5,2019,1001,1018,39,40,48,49,66,39,41,39,50,33,31,28,49,39,67,53,56,67,79,66,83,94,67,56,53,60,45,56,73,82,58,89,54,64,42,64,897,
122033,136001,ss,45016,k1,1384,715,669,30,26,34,27,32,26,29,26,49,26,50,49,41,32,50,39,40,40,58,46,60,59,61,47,32,32,27,28,28,54,48,42,23,36,23,34,644,
122033,136002,ss,45016,k2,1534,768,766,38,28,37,21,33,27,49,30,32,26,26,27,37,44,37,51,66,39,52,54,65,59,48,50,55,47,34,39,42,59,46,53,34,46,37,66,691,
122033,136003,ss,45016,k3,1243,627,616,24,15,28,20,35,17,31,27,23,27,23,21,26,22,37,31,38,39,48,45,68,56,51,55,38,33,26,24,34,36,25,53,36,48,36,47,559,
122033,136004,ss,45016,k4,1392,697,695,31,23,24,30,25,26,27,24,35,27,43,35,40,39,41,37,43,38,58,47,56,57,62,74,52,43,31,40,40,43,39,44,21,32,29,36,612,
122033,137001,ss,45016,{ac1,2910,1390,1520,61,68,64,64,72,69,58,66,62,107,80,108,72,75,110,106,97,87,102,91,115,104,82,100,86,83,91,75,72,80,73,89,47,66,46,82,1405,
122033,137002,ss,45016,{ac2,2202,1058,1144,45,39,47,50,49,44,52,46,60,58,44,48,28,43,65,57,66,70,94,87,96,102,80,73,62,51,40,56,70,77,53,85,61,58,46,100,998,
122033,139001,ss,45016,]J1,2543,1249,1294,60,63,66,64,54,76,60,69,61,64,70,80,80,76,86,70,96,82,119,105,114,92,85,80,59,63,53,61,66,59,45,75,52,58,23,57,1124,
122033,139002,ss,45016,]J2,1727,863,864,15,19,32,33,52,44,53,33,42,31,39,41,23,32,44,26,66,63,87,66,71,67,59,43,55,44,44,54,57,78,41,50,42,62,41,78,834,
122033,139003,ss,45016,]J3,2478,1239,1239,34,37,54,43,51,61,67,55,64,64,55,43,42,52,75,61,98,75,109,88,120,99,82,82,75,53,62,75,77,98,74,100,50,80,50,73,1117,
122033,139004,ss,45016,]J4,2283,1128,1155,39,30,33,31,43,41,56,58,52,50,40,34,46,54,73,50,68,71,93,91,108,81,91,90,78,78,62,70,104,104,63,88,50,73,29,61,1043,
122033,139005,ss,45016,]J5,2201,1071,1130,42,32,52,40,42,59,46,45,36,39,60,53,43,54,62,49,63,66,84,69,110,77,71,75,63,58,68,58,69,87,69,100,53,87,38,82,1070,
122033,139006,ss,45016,]J6,1036,533,503,20,33,28,26,46,41,35,17,22,24,30,18,24,27,34,28,37,48,57,49,44,31,36,39,28,14,16,12,23,29,19,22,19,25,15,20,437,
122033,139007,ss,45016,]J7,1910,960,950,28,21,32,28,36,27,47,35,48,45,45,25,30,36,45,43,60,48,71,73,95,75,59,55,46,36,50,59,79,85,87,121,60,76,42,62,912,
122033,139008,ss,45016,]J8,1121,576,545,25,19,32,19,22,16,21,22,26,16,35,29,32,31,31,28,41,29,47,42,55,40,40,38,26,23,30,24,27,53,40,42,29,43,17,31,546,
122033,140001,ss,45016,L1,2007,980,1027,36,42,49,38,41,51,59,42,46,54,53,46,64,59,64,65,67,62,86,92,97,84,64,69,52,66,51,43,50,63,48,56,24,55,29,40,920,
122033,140002,ss,45016,L2,1988,1006,982,56,38,50,35,31,37,45,32,44,55,63,56,72,70,71,64,63,59,87,73,84,73,75,56,48,45,41,42,65,74,49,67,37,56,25,50,973,
122033,140003,ss,45016,L3,827,414,413,14,20,20,16,17,23,35,15,32,23,15,19,27,22,30,18,19,27,27,33,43,35,22,30,16,18,15,12,24,29,25,29,18,18,15,26,341,
122033,141001,ss,45016,1,720,349,371,20,17,21,24,16,19,18,17,19,21,11,17,19,23,32,25,33,32,32,26,23,29,27,20,14,9,10,11,17,22,14,23,18,15,5,21,325,
122033,141002,ss,45016,2,1019,493,526,20,18,28,20,32,24,16,26,18,19,19,17,16,21,37,34,39,33,36,40,35,36,30,32,34,38,35,27,25,38,36,40,21,30,16,33,433,
122033,141003,ss,45016,3,0,0,0,0,0,0,0,0,0,0,0,0,0,0,0,0,0,0,0,0,0,0,0,0,0,0,0,0,0,0,0,0,0,0,0,0,0,0,0,0,
122033,142001,ss,45016,xV1,101,50,51,0,1,2,2,1,1,5,2,2,2,1,0,1,2,5,4,2,3,5,2,5,5,4,4,5,4,1,4,3,5,6,4,1,3,1,3,54,
122033,142002,ss,45016,xV2,69,39,30,4,0,2,0,3,0,4,1,0,0,0,1,2,1,1,1,0,1,3,4,1,4,8,0,1,2,4,1,1,2,1,2,1,5,3,5,29,
122033,142003,ss,45016,xV3,1744,868,876,39,49,36,39,40,35,30,23,35,45,68,62,74,72,60,74,82,67,84,75,102,100,80,75,69,52,23,17,17,22,12,23,11,21,6,25,847,
122033,142004,ss,45016,xV4,987,496,491,27,30,18,21,21,11,27,26,24,26,40,33,38,42,35,41,39,33,47,41,43,31,41,30,20,15,14,20,23,22,16,23,13,23,10,23,442,
122033,142005,ss,45016,xV5,207,97,110,4,2,3,4,2,4,10,6,1,3,5,5,4,1,4,9,5,9,12,10,9,14,9,7,7,8,3,3,7,6,5,9,4,4,3,6,92,
122033,149001,ss,45016,l1,0,0,0,0,0,0,0,0,0,0,0,0,0,0,0,0,0,0,0,0,0,0,0,0,0,0,0,0,0,0,0,0,0,0,0,0,0,0,0,0,
122033,163000,ss,45016,cK,0,0,0,0,0,0,0,0,0,0,0,0,0,0,0,0,0,0,0,0,0,0,0,0,0,0,0,0,0,0,0,0,0,0,0,0,0,0,0,0,
122033,163001,ss,45016,cK1,699,359,340,4,4,12,3,11,25,37,39,29,17,8,10,10,5,7,9,12,17,40,46,67,62,43,31,24,21,19,17,22,13,8,9,6,9,0,3,280,
122033,163002,ss,45016,cK2,602,327,275,12,10,8,12,12,8,10,6,33,17,49,36,27,21,21,16,26,17,19,14,26,15,24,26,21,16,12,13,7,11,8,13,5,11,7,13,355,
122033,163003,ss,45016,cK3,3589,1822,1767,55,55,57,56,64,66,109,119,101,113,102,102,115,108,103,98,131,111,205,188,240,200,178,146,113,98,87,76,60,83,61,76,33,42,8,30,1684,
122033,163004,ss,45016,cK4,3498,1868,1630,59,52,45,45,57,50,73,62,148,112,172,154,147,130,129,95,143,102,158,121,170,161,153,107,123,95,82,81,78,71,69,72,40,63,22,57,1987,
122033,163005,ss,45016,cK5,2880,1551,1329,43,38,57,57,63,63,70,61,85,66,140,109,122,83,112,85,124,91,153,129,148,117,115,92,75,54,70,69,66,63,60,55,25,55,23,42,1530,
122033,164000,ss,45016,J,98,55,43,0,0,0,1,0,0,1,1,0,1,3,2,2,0,9,1,3,2,3,0,8,1,2,1,4,0,3,1,4,4,7,5,2,2,4,21,82,
122033,164001,ss,45016,J1,1455,771,684,31,34,31,35,31,31,15,22,35,56,73,59,92,73,81,59,74,60,71,59,71,56,69,42,28,22,23,19,25,25,17,14,3,7,1,11,849,
122033,164002,ss,45016,J2,2304,1269,1035,28,26,32,45,44,35,54,44,90,66,127,78,98,60,94,83,99,60,100,79,127,97,107,80,68,51,58,39,67,60,31,53,25,45,20,34,1279,
122033,164003,ss,45016,J3,321,177,144,6,4,9,3,10,6,7,8,12,6,8,6,6,5,11,13,15,10,16,11,20,11,11,8,5,5,7,7,15,9,8,10,7,10,4,12,156,
122033,165000,ss,45016,JV,16,16,0,0,0,0,0,0,0,0,0,1,0,0,0,3,0,0,0,1,0,5,0,2,0,3,0,1,0,0,0,0,0,0,0,0,0,0,0,16,
122033,166000,ss,45016,,70,44,26,1,1,2,0,2,1,0,0,0,0,1,0,4,0,0,2,0,2,3,2,2,0,6,0,5,4,3,4,5,4,6,2,1,1,3,3,38,
122033,166001,ss,45016,1,4578,2512,2066,70,64,69,79,53,51,73,69,144,131,232,174,215,164,198,148,200,156,215,163,250,153,209,152,167,119,148,113,111,111,70,103,55,67,33,49,2668,
122033,166002,ss,45016,2,1484,819,665,26,24,27,26,22,29,16,23,38,46,89,64,62,46,65,47,88,43,62,46,62,46,61,36,44,31,38,32,48,32,31,29,21,26,19,39,880,
122033,166003,ss,45016,3,3292,1690,1602,55,53,52,48,64,49,72,57,104,101,129,126,120,108,128,94,129,101,146,133,142,120,103,81,81,68,74,91,103,130,94,98,61,77,33,67,1711,
122033,166004,ss,45016,4,468,240,228,9,8,15,8,12,5,8,5,9,15,8,5,9,9,17,21,20,12,16,10,25,12,15,16,14,8,12,17,10,9,11,19,18,25,12,24,221,
122033,167000,ss,45016,,57,44,13,0,0,0,0,1,0,0,0,5,0,6,3,5,2,2,1,2,0,2,0,2,1,3,0,6,2,2,0,4,1,2,1,2,2,0,0,45,
122033,167001,ss,45016,1,2271,1171,1100,45,38,43,41,31,29,31,46,71,64,114,91,110,83,95,88,89,85,110,95,113,103,87,82,65,54,47,43,48,52,30,46,26,37,16,23,1199,
122033,167002,ss,45016,2,2155,1160,995,47,41,26,23,21,21,35,53,73,70,149,104,119,93,104,77,97,61,95,72,86,79,96,68,52,43,40,47,54,42,33,41,18,26,15,34,1209,
122033,168000,ss,45016,񖓐V,0,0,0,0,0,0,0,0,0,0,0,0,0,0,0,0,0,0,0,0,0,0,0,0,0,0,0,0,0,0,0,0,0,0,0,0,0,0,0,0,
122033,169000,ss,45016,㖭T,4,4,0,0,0,0,0,0,0,0,0,0,0,1,0,3,0,0,0,0,0,0,0,0,0,0,0,0,0,0,0,0,0,0,0,0,0,0,0,4,
122033,184001,ss,45016,z1,1508,742,766,21,20,29,43,33,45,35,32,32,51,34,28,34,26,51,44,60,51,87,65,75,61,48,48,40,29,35,44,50,56,30,44,27,54,21,25,715,
122033,184002,ss,45016,z2,835,419,416,16,12,12,14,13,13,21,14,23,23,17,13,22,25,31,25,20,24,44,28,31,41,29,32,26,19,31,26,26,35,30,40,16,21,11,11,387,
122033,184003,ss,45016,z3,953,471,482,22,21,27,31,39,23,17,23,19,13,25,15,26,31,35,32,44,45,34,34,38,32,20,23,22,13,19,26,27,25,22,36,22,38,13,21,411,
122033,251000,ss,45016,{s,2747,1410,1337,38,31,38,41,43,40,57,65,93,85,157,128,101,95,104,84,94,90,120,83,136,116,104,85,83,77,68,63,71,73,51,65,27,43,25,73,1507,
122033,252000,ss,45016,Vc,1095,569,526,46,37,90,63,44,49,26,19,13,19,4,7,17,35,68,76,78,80,68,51,53,31,22,17,8,13,11,10,14,7,5,8,2,2,0,2,379,
122033,254000,ss,45016,璹,0,0,0,0,0,0,0,0,0,0,0,0,0,0,0,0,0,0,0,0,0,0,0,0,0,0,0,0,0,0,0,0,0,0,0,0,0,0,0,0,
122033,255000,ss,45016,l,0,0,0,0,0,0,0,0,0,0,0,0,0,0,0,0,0,0,0,0,0,0,0,0,0,0,0,0,0,0,0,0,0,0,0,0,0,0,0,0,
122033,256000,ss,45016,փ,1635,856,779,33,34,43,44,34,25,30,32,49,40,86,61,69,66,81,68,81,56,52,52,61,38,44,43,45,38,39,41,44,42,27,34,23,18,15,47,820,
122033,257000,ss,45016,ɐh,1813,930,883,14,23,29,26,27,28,39,39,93,75,97,79,70,60,64,37,58,58,81,74,74,67,72,77,71,50,42,42,37,41,30,41,17,31,15,35,1052,
122033,258000,ss,45016,Vh,1661,846,815,39,52,46,35,35,28,17,31,35,45,70,73,82,65,84,76,82,59,71,47,57,51,58,34,26,28,29,46,41,49,39,38,25,27,10,31,800,
122033,259000,ss,45016,͌,1258,699,559,37,24,30,15,28,24,18,24,35,29,56,43,50,53,50,38,68,42,52,41,62,43,44,29,31,24,31,29,40,41,30,26,22,17,15,17,634,
122033,261000,ss,45016,T,0,0,0,0,0,0,0,0,0,0,0,0,0,0,0,0,0,0,0,0,0,0,0,0,0,0,0,0,0,0,0,0,0,0,0,0,0,0,0,0,
122033,263001,ss,45016,T1,1723,879,844,29,33,38,43,40,34,44,33,56,55,72,79,79,79,71,59,69,52,78,68,78,77,58,51,37,28,41,33,38,42,23,24,16,29,12,25,843,
122033,263002,ss,45016,T2,2381,1181,1200,70,71,74,80,78,78,54,67,73,63,75,93,100,106,99,96,101,118,117,108,111,109,107,90,52,44,27,26,15,23,18,11,7,7,3,10,1002,
122033,263003,ss,45016,T3,2711,1326,1385,57,77,48,45,50,52,49,59,63,92,160,188,154,127,94,111,120,111,132,137,135,127,96,68,51,36,34,40,34,39,18,25,18,25,13,26,1465,
122033,263004,ss,45016,T4,2518,1266,1252,80,85,92,88,78,75,76,60,65,68,83,100,120,126,94,103,112,117,132,109,141,134,97,74,40,40,21,16,14,13,7,18,9,9,5,17,1080,
122033,263005,ss,45016,T5,3239,1614,1625,98,117,76,77,61,62,64,83,113,108,144,167,187,185,158,152,125,104,125,138,155,182,152,114,78,52,39,30,20,16,9,14,4,14,6,10,1519,
122033,263006,ss,45016,T6,2233,1155,1078,53,46,42,48,49,33,53,43,92,102,126,122,113,92,98,87,77,44,73,99,100,114,130,87,65,62,30,25,18,24,22,20,9,10,5,20,1138,
122033,274000,ss,45016,,1683,856,827,30,19,22,24,20,25,34,29,54,65,116,131,87,81,79,69,54,49,81,69,86,49,52,53,27,30,26,20,32,30,20,25,17,28,19,31,1029,
122033,275000,ss,45016,,1400,708,692,19,30,15,19,17,17,20,12,50,54,75,72,71,70,65,61,51,36,62,44,52,56,54,43,30,36,22,26,41,31,24,34,22,23,18,28,844,
122033,276000,ss,45016,Vc,766,423,343,31,23,15,10,11,9,8,12,13,18,40,32,51,40,59,36,33,21,35,28,26,15,13,15,17,14,17,20,21,18,18,14,13,11,2,7,433,
122033,276001,ss,45016,Vc1,2332,1209,1123,41,27,34,30,35,34,46,55,86,78,130,108,99,93,97,77,83,76,108,111,113,99,109,87,74,63,35,43,50,50,38,35,17,28,14,29,1307,
122033,276002,ss,45016,Vc2,1639,844,795,26,20,30,26,34,32,17,25,67,45,99,101,78,85,83,65,78,46,60,59,70,57,49,54,37,34,29,29,32,30,24,37,19,19,12,31,1031,
122033,277001,ss,45016,1,2164,1151,1013,37,32,45,45,43,37,46,50,70,77,83,65,87,65,74,63,82,70,111,72,97,82,85,61,63,47,56,41,62,70,49,53,41,41,20,42,1159,
122033,277002,ss,45016,2,3121,1640,1481,78,53,85,57,50,57,64,43,83,92,157,122,127,133,121,130,146,123,147,124,168,118,110,106,84,69,52,59,78,65,45,54,26,43,19,33,1719,
122033,278001,ss,45016,^1,2282,1126,1156,49,34,50,57,41,44,37,36,60,78,93,87,90,72,79,71,91,85,94,89,87,96,72,60,55,53,65,62,57,68,49,70,39,50,18,44,1204,
122033,278002,ss,45016,^2,4898,2648,2250,77,72,65,64,84,68,67,77,196,182,316,240,247,207,195,155,195,152,226,149,225,157,186,154,136,109,123,108,131,115,95,101,46,77,38,63,3113,
122033,279001,ss,45016,V1,4185,2099,2086,75,83,98,81,91,67,82,76,125,87,136,113,110,111,146,144,171,122,179,162,168,162,144,132,123,131,110,128,133,146,107,126,53,110,48,105,2135,
122033,279002,ss,45016,V2,1873,1002,871,30,35,24,20,21,34,28,26,58,83,126,113,101,78,77,62,79,53,90,68,93,64,67,47,55,41,38,34,52,33,33,36,18,27,12,17,1170,
122033,279003,ss,45016,V3,2904,1591,1313,44,49,29,29,15,25,25,26,136,138,219,188,203,173,151,99,125,95,125,69,145,90,92,78,73,46,54,33,60,68,53,40,28,41,14,26,2046,
122033,279004,ss,45016,V4,1984,977,1007,26,29,29,17,24,12,18,20,99,121,129,145,103,119,103,83,87,73,77,83,75,71,60,69,42,43,34,28,31,33,20,20,14,24,6,17,1403,
122033,280001,ss,45016,V1,4025,2175,1850,104,89,98,80,80,66,68,48,139,112,204,164,225,183,195,151,167,132,147,142,180,133,126,103,110,75,86,76,90,88,75,71,42,67,39,70,2121,
122033,280002,ss,45016,V2,1811,973,838,37,36,32,33,24,22,29,28,80,67,118,120,104,90,80,59,73,74,96,59,102,64,60,47,23,22,22,17,32,31,35,24,18,28,8,17,1063,
122033,280003,ss,45016,V3,4712,2521,2191,77,83,56,55,53,57,67,61,280,207,342,262,240,232,190,180,187,139,225,165,206,169,154,131,111,87,100,77,82,110,83,77,46,49,22,50,2980,
122033,281000,ss,45016,K,4378,2202,2176,54,59,98,83,156,170,243,227,132,153,43,63,63,58,94,100,148,161,335,374,347,282,200,141,112,86,61,67,48,70,39,39,15,21,14,22,1688,
122033,283001,ss,45016,L1,2691,1398,1293,50,52,55,58,68,57,75,63,100,79,71,78,93,71,95,77,105,92,146,114,149,130,108,83,68,58,55,56,53,73,52,65,31,43,24,44,1336,
122033,283002,ss,45016,L2,107,68,39,1,0,0,0,0,0,1,3,3,2,1,1,5,3,1,0,5,1,5,3,9,1,10,3,16,3,3,1,2,1,3,3,2,3,1,11,84,
122033,284001,ss,45016,s1,3728,1904,1824,69,66,31,53,40,47,46,56,140,177,256,250,206,183,176,153,167,140,163,137,156,136,152,129,110,76,70,57,45,49,33,47,27,29,17,39,2414,
122033,284002,ss,45016,s2,3362,1749,1613,47,47,53,67,65,66,77,74,150,104,219,180,127,105,123,107,129,107,118,135,145,118,157,118,101,99,83,66,62,74,41,61,29,45,23,40,1879,
122033,284003,ss,45016,s3,4451,2390,2061,96,78,118,96,83,76,57,71,214,139,270,189,190,153,194,176,207,182,216,174,185,141,143,118,90,92,81,79,89,100,85,86,48,60,24,51,2574,
122033,284004,ss,45016,s4,2775,1488,1287,57,69,50,39,48,42,49,37,100,98,200,147,134,116,110,100,117,87,123,103,118,86,108,93,83,62,58,41,56,66,52,43,15,26,10,32,1538,
122033,285001,ss,45016,l1,15,15,0,0,0,0,0,0,0,0,0,0,0,1,0,0,0,0,0,2,0,3,0,6,0,0,0,2,0,0,0,1,0,0,0,0,0,0,0,15,
122033,285002,ss,45016,l2,0,0,0,0,0,0,0,0,0,0,0,0,0,0,0,0,0,0,0,0,0,0,0,0,0,0,0,0,0,0,0,0,0,0,0,0,0,0,0,0,
122033,285003,ss,45016,l3,3,3,0,,,,,,,,,,,,,,,,,,,,,,,,,,,,,,,,,,,,,3,
122033,285004,ss,45016,l4,5097,2528,2569,57,58,61,58,51,45,72,65,88,60,117,111,160,129,146,119,159,144,162,169,219,193,189,164,203,189,201,265,288,287,190,219,107,157,61,137,2975,
122033,286001,ss,45016,h1,3633,1975,1658,66,55,61,55,51,52,75,39,122,123,225,156,189,136,164,129,160,109,145,140,166,120,138,109,100,83,85,75,107,84,51,88,37,58,33,47,2219,
122033,286002,ss,45016,h2,3330,1791,1539,54,59,50,51,56,61,66,53,164,76,147,111,130,105,114,95,128,107,168,121,174,107,108,85,104,93,87,83,83,108,80,94,47,63,31,67,1884,
122033,286003,ss,45016,h3,4664,2398,2266,108,104,105,97,90,89,97,84,155,117,142,118,157,161,188,170,187,161,206,168,176,150,166,138,132,139,144,141,132,162,113,117,57,79,43,71,2370,
122033,286004,ss,45016,h4,2207,1087,1120,28,32,46,54,71,71,56,75,51,61,56,37,39,47,67,52,85,66,97,125,117,84,65,63,69,52,42,64,67,83,76,76,37,31,18,47,994,
122033,287001,ss,45016,swO1,2816,1480,1336,25,36,25,24,23,24,34,24,163,161,263,253,168,131,133,94,114,85,122,91,112,107,100,68,50,50,47,44,47,55,25,43,17,28,12,18,2096,
122033,287002,ss,45016,swO2,3305,1703,1602,55,44,52,49,42,37,26,34,104,101,201,196,150,127,139,129,147,123,173,129,146,113,121,104,77,66,78,68,64,91,67,82,34,57,27,52,2253,
122033,287003,ss,45016,swO3,2211,1131,1080,53,58,43,44,36,45,34,31,72,63,117,123,120,118,100,91,100,92,92,79,93,80,64,43,47,31,47,32,48,48,34,42,20,28,11,32,1291,
122033,287004,ss,45016,swO4,4445,2278,2167,59,62,70,61,101,72,100,91,165,201,254,220,196,167,159,135,153,127,218,194,209,200,171,130,107,106,89,84,85,108,88,97,37,56,17,56,2542,
122033,288001,ss,45016,Vl1,2871,1496,1375,43,40,46,57,51,65,57,43,88,68,114,86,110,85,90,85,110,104,134,105,127,111,112,94,90,79,86,96,102,103,74,55,32,44,31,56,1537,
122033,288002,ss,45016,Vl2,2,1,1,,,,,,,,,,,,,,,,,,,,,,,,,,,,,,,,,,,,,1,
122033,288003,ss,45016,Vl3,0,0,0,0,0,0,0,0,0,0,0,0,0,0,0,0,0,0,0,0,0,0,0,0,0,0,0,0,0,0,0,0,0,0,0,0,0,0,0,0,
122033,289000,ss,45016,D,1812,931,881,37,33,36,32,39,32,42,30,69,60,85,73,61,82,63,58,71,50,76,75,82,64,57,53,57,53,40,45,44,48,36,30,24,27,12,36,975,
122033,290000,ss,45016,Vo,3097,1566,1531,77,61,80,75,76,67,73,74,77,81,84,88,93,84,137,120,126,112,129,117,133,114,108,100,98,93,59,65,97,110,58,72,38,46,23,52,1473,
122033,291001,ss,45016,L1,2459,1287,1172,49,49,37,23,38,30,53,45,108,86,161,109,113,109,108,84,85,76,95,95,96,95,94,78,70,58,45,53,50,65,45,49,24,36,16,32,1369,
122033,291002,ss,45016,L2,3567,1919,1648,75,65,66,78,80,65,80,68,141,109,206,143,156,156,149,92,170,131,159,136,191,160,130,118,94,75,66,57,77,71,37,45,24,40,18,39,1937,
122033,292000,ss,45016,{,3142,1570,1572,60,49,41,65,68,51,68,66,90,122,146,152,124,122,135,95,87,109,125,145,179,131,128,97,89,89,76,59,64,65,29,52,35,56,26,47,1620,
122033,293001,ss,45016,xl1,1374,704,670,35,30,34,35,34,18,24,23,36,49,72,86,75,69,70,60,60,57,69,63,71,63,56,44,30,26,12,12,8,9,7,12,8,7,3,7,730,
122033,293002,ss,45016,xl2,3295,1649,1646,69,69,60,67,54,38,55,80,91,122,173,176,158,157,155,138,140,107,147,138,120,118,96,90,83,58,69,69,57,75,62,62,41,44,19,38,1920,
122033,293003,ss,45016,xl3,2300,1222,1078,44,42,42,32,47,34,34,43,68,62,121,108,119,93,88,75,112,90,110,90,108,103,81,63,63,44,55,42,57,56,32,41,22,25,19,35,1298,
122033,294001,ss,45016,1,1772,932,840,41,49,26,28,32,36,21,41,70,59,139,125,114,84,80,73,72,51,81,73,78,58,49,40,35,32,23,29,40,28,21,16,8,7,2,11,1043,
122033,294002,ss,45016,2,3624,1850,1774,52,59,52,60,65,48,67,63,131,108,163,145,142,132,133,107,145,121,133,118,144,116,112,111,114,94,65,95,111,146,119,106,68,76,34,69,2018,
122033,294003,ss,45016,3,2504,1330,1174,55,67,66,57,49,47,52,52,79,78,133,118,122,122,145,89,115,94,120,92,108,102,96,72,60,47,46,35,42,35,18,32,13,20,11,15,1341,
122033,294004,ss,45016,4,2635,1326,1309,50,46,64,41,53,61,50,56,75,64,74,88,103,77,92,103,107,97,107,105,124,109,95,79,68,70,59,76,92,103,62,67,33,33,18,34,1298,
122033,294005,ss,45016,5,1771,901,870,37,47,47,50,44,31,42,40,57,73,56,56,64,72,82,64,69,66,77,62,98,82,71,52,35,37,33,37,36,30,26,27,17,21,10,23,834,
122033,295001,ss,45016,1,2227,1162,1065,54,54,55,63,45,42,41,51,47,64,82,73,105,93,84,89,100,67,101,73,117,90,84,66,64,61,49,45,64,59,39,28,17,24,14,23,1084,
122033,295002,ss,45016,2,2217,1184,1033,63,40,47,47,64,55,55,53,64,62,79,76,100,73,92,78,85,78,128,101,103,76,85,66,62,40,38,33,43,56,39,44,25,30,12,25,1134,
122033,296001,ss,45016,K1,2425,1258,1167,41,33,63,41,71,63,65,69,72,38,52,43,60,55,76,59,100,86,120,111,99,82,71,76,55,54,48,75,102,112,89,85,49,55,25,30,1137,
122033,296002,ss,45016,K2,3595,1836,1759,40,43,88,54,93,81,77,78,84,61,77,63,94,77,112,93,145,126,160,146,161,124,123,127,98,118,106,115,134,171,129,136,85,78,30,68,1731,
122033,311001,ss,45016,1,4466,2194,2272,89,76,73,86,98,93,151,138,148,157,95,92,101,110,110,112,122,124,167,166,222,235,167,161,139,132,131,140,144,140,115,136,79,77,43,97,1876,
122033,311002,ss,45016,2,3804,1840,1964,46,39,41,48,78,63,70,77,80,72,86,80,73,63,85,103,108,106,137,135,167,127,81,113,96,112,118,124,166,242,200,228,126,125,82,107,1847,
122033,311003,ss,45016,3,1615,768,847,22,17,27,32,27,38,32,29,50,46,50,55,38,49,45,38,63,48,55,70,61,73,60,64,49,51,46,55,45,54,39,59,35,35,24,34,778,
122033,333001,ss,45016,쒬1,2874,1412,1462,64,65,67,64,60,59,80,79,72,70,70,66,82,89,82,84,105,88,113,107,124,114,112,93,65,53,61,77,70,85,80,106,65,86,40,77,1275,
122033,333002,ss,45016,쒬2,3404,1746,1658,85,50,99,78,93,83,85,82,104,82,88,105,103,86,108,99,142,107,128,121,158,150,152,124,103,91,78,64,63,109,64,82,54,84,39,61,1528,
122033,333003,ss,45016,쒬3,4278,2174,2104,87,94,84,66,80,94,102,97,123,140,178,171,150,151,161,129,146,141,172,170,202,171,155,121,102,97,104,102,129,119,95,114,63,57,41,70,2096,
122033,333004,ss,45016,쒬4,3425,1735,1690,77,77,84,78,89,68,65,56,80,85,96,99,124,112,115,92,122,110,133,138,135,104,115,96,100,93,78,100,117,109,92,118,75,70,38,85,1589,
122033,334001,ss,45016,䒬1,4974,2495,2479,118,106,75,88,90,90,126,116,182,162,193,155,166,177,131,111,172,137,221,174,255,239,172,155,110,138,109,122,122,127,101,117,77,126,75,139,2319,
122033,334002,ss,45016,䒬2,2705,1376,1329,40,25,43,41,58,70,71,80,73,51,67,47,45,47,85,63,97,84,131,112,129,109,107,81,85,68,61,65,85,112,93,88,63,91,43,95,1309,
122033,334003,ss,45016,䒬3,1378,680,698,33,22,24,33,46,45,39,48,35,28,27,14,29,41,41,33,44,46,58,55,72,59,38,35,34,40,35,23,24,36,30,52,40,44,31,44,574,
122033,334004,ss,45016,䒬4,879,396,483,16,20,17,12,18,22,13,15,13,18,20,23,29,19,27,23,22,20,31,27,31,31,24,19,24,12,21,17,29,37,22,33,15,42,24,93,464,
122033,335000,ss,45016,咬,3709,1739,1970,48,29,46,42,37,52,64,42,64,72,56,63,75,59,78,74,82,87,117,92,156,142,142,153,118,107,122,117,136,179,149,207,136,204,113,249,2003,
122033,336000,ss,45016,ƒ,1441,699,742,7,8,14,13,26,37,40,44,33,33,25,20,23,23,32,25,47,49,59,55,65,59,57,55,44,39,50,52,56,66,61,70,46,53,14,41,683,
